packed hash,unpacked hash,arch, stage,compilation time (packed sample),compilation time (unpacked sample),first seen (packed),first seen (unpacked),packer XOR key,packer payload location,packer base64 encoding
f4765f7b089d99b1cdcebf3ad7ba7e3e23ce411deab29b7afd782b23352e698f,5c2f339362d0cd8e5a8e3105c9c56971087bea2701ea3b7324771b0ea2c26c6c,x64,2nd stage,1996-04-05,2020-12-13,2021-04-21,2021-06-19,UkneC!11@2DQKxCF,section(OTT),no
ed5fbefd61a72ec9f8a5ebd7fa7bcd632ec55f04bdd4a4e24686edccb0268e05,1177105e51fa02f9977bd435f9066123ace32b991ed54912ece8f3d4fbeeade4,x64,2nd stage,1996-10-17,2020-12-03,2021-04-13,2021-04-22,by7mJSOkVDaWg*Ub,overlay,yes
008e906f2727d502f130a549eeebfda23362e24b2f1ac6e2c198ea82acc8a06a,1177105e51fa02f9977bd435f9066123ace32b991ed54912ece8f3d4fbeeade4,x64,2nd stage,1996-10-17,2020-12-03,2021-04-20,2021-04-22,by7mJSOkVDaWg*Ub,overlay,yes
b59e8f44822ad6bc3b4067bfdfd1ad286b8ba76c1a3faff82a3feb7bdf96b9c5,63bae252d796bc9ac331fdc13744a72bd85d1065ef41a884dc11c6245ea933e2,x64,2nd stage,1996-04-05,2020-12-11,2021-04-19,2021-04-19,SrZu8!pD509*@7Y1,section(OTS),no
6310cd9f8b6ae1fdc1b55fe190026a119f7ea526cd3fc22a215bda51c9c28214,63bae252d796bc9ac331fdc13744a72bd85d1065ef41a884dc11c6245ea933e2,x64,2nd stage,1996-04-05,2020-12-11,2021-04-19,2021-04-19,!zGYX*ei$%HrW9#a,section(OTC),no
350082b3f14e130c6337ef88d46d54d353ca6785508264112dfbd20ce4e47b98,63bae252d796bc9ac331fdc13744a72bd85d1065ef41a884dc11c6245ea933e2,x64,2nd stage,1996-04-05,2020-12-11,2021-05-11,2021-04-19,!zGYX*ei$%HrW9#a,section(OTC),no
f40d387631ddb0db70128e72239d0cae7a22b2135c0ec0d540e018aa727d4c8e,588cdbd3ee3594525eb62fa7bab148f6d7ab000737fc0c311a5588dc96794acc,x64,2nd stage (Persistence),1996-10-13,2020-11-24,2021-04-27,2021-04-27,&#6*$LvOAgHyZ)dM,section(.KDATA),no
0996a8e5ec1a41645309e2ca395d3a6b766a7c52784c974c776f258c1b25a76c,588cdbd3ee3594525eb62fa7bab148f6d7ab000737fc0c311a5588dc96794acc,x64,2nd stage (Persistence),1996-10-13,2020-11-24,2021-04-27,2021-04-27,&#6*$LvOAgHyZ)dM,section(.KDATA),no
4da0ac4c3f47f69c992abb5d6e9803348bf9f3c6028a7214dcabec9a2e729b99,588cdbd3ee3594525eb62fa7bab148f6d7ab000737fc0c311a5588dc96794acc,x64,2nd stage (Persistence),1996-10-13,2020-11-24,2021-04-28,2021-04-27,&#6*$LvOAgHyZ)dM,section(.KDATA),no
ab194f2bad37bffd32fae9833dafaa04c79c9e117d86aa46432eadef64a43ad6,49a13bf0aa53990771b7b7a7ab31d6805ed1b547e7d9f114e8e26a98f6fbee28,x86,2nd stage,1996-09-08,2020-07-20,2020-07-22,2020-07-22,k@W#C$DERb*F^3A),resources,yes
4d03a981bed15a3bd91f36972d7391b39791c582bb2959a9be154a74bd64db31,4aadf767491077ab83c6436cf108b014fc0bf8c3bd01cc6087a0f2b80564bc08,x64,3rd stage,2023-11-28,2020-10-18,2020-10-19,2021-06-17,TSx&k*LhBLPw4BEg,resources,yes
1f8dcfaebbcd7e71c2872e0ba2fc6db81d651cf654a21d33c78eae6662e62392,f32f6b229913d68daad937cc72a57aa45291a9d623109ed48938815aa7b6005c,x64,3rd stage (Variant 3),1997-09-30,2021-01-18,2021-06-30,2021-10-21,!xk$c)F#4@2g8dOc,section(data),yes
d231f3b6d6e4c56cb7f149cbc0178f7b80448c24f14dced5a864015512b0ba1f,ed11e94fd9aa3c7d4dd0b4345c106631fe52929c6e26a0daec2ed7d22e47ada0,x64,3rd stage (Variant 3),2021-10-12,2020-12-13,2021-04-21,2021-06-21,wNmHK3J92E^KE4yj,overlay,no
da787cf1f4fd829dd4a7637bec392438b793c5f9c920560197545d20b58691af,fec82f2542d7f82e9fce3e16bfa4024f253adee7121973bd9d67a3c79441b83c,x64,3rd stage (Variant 3),1997-04-29,2020-11-24,2021-04-21,2021-04-21,wNmHK3J92E^KE4yj,overlay,yes
69bac736f42e37302db7eca68b6fc138c3aa9a5c902c149e46cce8b42b172603,8b3c8046fa776b70821b7e50baa772a395d3d245c10bdaa4b6171e0c5ce3f717,x64,3rd stage (Variant 2),1995-08-15,2020-09-21,2020-09-26,2021-06-17,TSx&k*LhBLPw4BEg,resources,no
b0d6aee39e988196fdc821895a1f1aa63d1c032ea880c26a15c857068f34bfd9,bbddcb280af742ce10842b18b9d7120632cc042a8fe42eed90fc4bc94f2d71ac,x64,3rd stage (Variant 2),2024-06-09,2021-01-11,2021-01-21,2021-01-21,&#6*$LvOAgHyZ)dM,resources,no
0e447797aa20bff416073281adb09b73c15433ab855b5cdb2d883f8c2af9c414,bbddcb280af742ce10842b18b9d7120632cc042a8fe42eed90fc4bc94f2d71ac,x64,3rd stage (Variant 2),2024-06-09,2021-01-11,2021-01-25,2021-01-21,&#6*$LvOAgHyZ)dM,resources,no
f13aff9e1192c081c012f974b29bf60487385eed644d506d7f82b3538c2b035f,bbddcb280af742ce10842b18b9d7120632cc042a8fe42eed90fc4bc94f2d71ac,x64,3rd stage (Variant 2),2024-06-09,2021-01-11,2021-01-25,2021-01-21,&#6*$LvOAgHyZ)dM,resources,no
9137e886e414b12581852b96a1d90ee875053f16b79be57694df9f93f3ead506,bbddcb280af742ce10842b18b9d7120632cc042a8fe42eed90fc4bc94f2d71ac,x64,3rd stage (Variant 2),2024-06-09,2021-01-11,2021-01-25,2021-01-21,&#6*$LvOAgHyZ)dM,resources,no
d26987b705f537b10a11fb9913d0acc0218a0c0ae5f27e6f821d6d987b1cd4c7,bbddcb280af742ce10842b18b9d7120632cc042a8fe42eed90fc4bc94f2d71ac,x64,3rd stage (Variant 2),2024-06-09,2021-01-11,2021-01-25,2021-01-21,&#6*$LvOAgHyZ)dM,resources,no
,868a62feff8b46466e9d63b83135a7987bf6d332c13739aa11b747b3e2ad4bbf,x64,3rd stage (Variant 2),,2021-01-11,,2021-01-25,,,
87f389d8f3a63f0879aa9d9dfbbd2b2c9cf678b871b704a01b39e1eaa234020c,464eaa82103f6f479e0d62dd48d2dab8ece300458136c03165d20915ee658067,x86,3rd stage (Variant 1),2000-07-07,2020-08-27,2020-09-24,2020-09-24,0AeEeeEjoXYEU*vK,section(idata),yes
2f53109e01c431c1c1acec667adee07cf907cdc4d36429022f915654c9b7113b,464eaa82103f6f479e0d62dd48d2dab8ece300458136c03165d20915ee658067,x86,3rd stage (Variant 1),2000-07-07,2020-08-27,2020-09-25,2020-09-25,0AeEeeEjoXYEU*vK,section(idata),yes
ebe4befd2a7f941baa65248d5dea09de809e638ec8e8caffae322aa3b6863c1c,464eaa82103f6f479e0d62dd48d2dab8ece300458136c03165d20915ee658067,x86,3rd stage (Variant 1),2000-07-07,2020-08-27,2020-09-25,2020-09-25,0AeEeeEjoXYEU*vK,section(idata),yes
1892b72c053ab48edae8305ef449f2b5391921efea8b1d7c37d6d29f59edc92e,464eaa82103f6f479e0d62dd48d2dab8ece300458136c03165d20915ee658067,x86,3rd stage (Variant 1),2000-07-07,2020-08-27,2020-09-24,2020-09-24,0AeEeeEjoXYEU*vK,section(idata),yes
e83f5e0a51845d7078a3aca8ca7a5b786e8bdf284efd3e08b3472dbf3e098930,464eaa82103f6f479e0d62dd48d2dab8ece300458136c03165d20915ee658067,x86,3rd stage (Variant 1),2000-07-07,2020-08-27,2020-09-24,2020-09-24,0AeEeeEjoXYEU*vK,section(idata),yes
d0fa0bfef8b199a42f4f33145274576e5a7edeb5522fb342af41fdc16e9021e2,464eaa82103f6f479e0d62dd48d2dab8ece300458136c03165d20915ee658067,x86,3rd stage (Variant 1),2000-07-07,2020-08-27,2020-09-24,2020-09-24,0AeEeeEjoXYEU*vK,section(idata),yes
f62adc678eaadc019277640e6695143a45336c2f91019f5d9308812db1d07285,464eaa82103f6f479e0d62dd48d2dab8ece300458136c03165d20915ee658067,x86,3rd stage (Variant 1),2000-07-07,2020-08-27,2020-09-25,2020-09-25,0AeEeeEjoXYEU*vK,section(idata),yes
0dc3f66f4af3250f56a32f8e1b9e772c514f74718358d19c195e3950d370ea01,464eaa82103f6f479e0d62dd48d2dab8ece300458136c03165d20915ee658067,x86,3rd stage (Variant 1),2000-07-07,2020-08-27,2020-09-24,2020-09-24,0AeEeeEjoXYEU*vK,section(idata),yes
7d7dc8125a26d9515d90a66bfd20d609820197c879030cb932d39b1c2998e9d4,464eaa82103f6f479e0d62dd48d2dab8ece300458136c03165d20915ee658067,x86,3rd stage (Variant 1),2000-07-07,2020-08-27,2020-09-24,2020-09-24,0AeEeeEjoXYEU*vK,section(idata),yes